Crop,District,Yield,Production
Rice,BAGALKOTE,3134,320
Rice,BENGALURU - URBAN,3893,954
Rice,BENGALURU - RURAL,3036,765
Rice,BELAGAVI,2744,166664
Rice,BALLARI,4051,722969
Rice,BIDAR,1490,1823
Rice,VIJAYAPURA,3182,636
Rice,CHAMARAJANAGAR,3060,37475
Rice,CHICKBALLAPUR,2955,10746
Rice,CHIKMAGALUR,2668,37466
Rice,CHITRADURGA,2308,4118
Rice,DAKSHINA KANNADA,2883,23422
Rice,DAVANAGERE,3524,444173
Rice,DHARWAD,1343,16623
Rice,GADAG,2579,15336
Rice,KALBURGI,2630,40334
Rice,HASSAN,2503,99081
Rice,HAVERI,2292,99448
Rice,KODAGU,2643,56387
Rice,KOLAR,2898,14976
Rice,KOPPAL,3827,390031
Rice,MANDYA,3151,228393
Rice,MYSURU,3021,263140
Rice,RAICHUR,3262,1129383
Rice,RAMANAGARAM,2679,9499
Rice,SHIVAMOGGA,2778,245072
Rice,TUMAKURU,2988,11946
Rice,UDUPI,2871,115347
Rice,UTTARA KANNADA,2149,101017
Rice,YADGIR,3004,430000
Jowar (Sorghum),BAGALKOTE,1448,89325
Jowar (Sorghum),BENGALURU - URBAN,1997,2200
Jowar (Sorghum),BENGALURU - RURAL,1935,8154
Jowar (Sorghum),BELAGAVI,1321,205210
Jowar (Sorghum),BALLARI,2732,69265
Jowar (Sorghum),BIDAR,1025,39703
Jowar (Sorghum),VIJAYAPURA,730,36862
Jowar (Sorghum),CHAMARAJANAGAR,1354,13757
Jowar (Sorghum),CHICKBALLAPUR,1956,9870
Jowar (Sorghum),CHIKMAGALUR,1095,3096
Jowar (Sorghum),CHITRADURGA,1313,11864
Jowar (Sorghum),DAKSHINA KANNADA,0,0
Jowar (Sorghum),DAVANAGERE,1791,7221
Jowar (Sorghum),DHARWAD,798,34481
Jowar (Sorghum),GADAG,740,41067
Jowar (Sorghum),KALBURGI,1262,99052
Jowar (Sorghum),HASSAN,1528,8207
Jowar (Sorghum),HAVERI,908,70626
Jowar (Sorghum),KODAGU,0,0
Jowar (Sorghum),KOLAR,1897,4679
Jowar (Sorghum),KOPPAL,908,25659
Jowar (Sorghum),MANDYA,1082,9
Jowar (Sorghum),MYSURU,1407,7069
Jowar (Sorghum),RAICHUR,1324,68294
Jowar (Sorghum),RAMANAGARAM,1834,3747
Jowar (Sorghum),SHIVAMOGGA,1411,718
Jowar (Sorghum),TUMAKURU,1923,19020
Jowar (Sorghum),UDUPI,2006,6
Jowar (Sorghum),UTTARA KANNADA,1448,126
Jowar (Sorghum),YADGIR,1148,24437
Ragi (Finger Millet),BAGALKOTE,1642,213
Ragi (Finger Millet),BENGALURU - URBAN,2442,42424
Ragi (Finger Millet),BENGALURU - RURAL,2198,123094
Ragi (Finger Millet),BELAGAVI,1330,2267
Ragi (Finger Millet),BALLARI,1550,36527
Ragi (Finger Millet),BIDAR,1715,165
Ragi (Finger Millet),VIJAYAPURA,1612,284
Ragi (Finger Millet),CHAMARAJANAGAR,1784,16064
Ragi (Finger Millet),CHICKBALLAPUR,2418,104311
Ragi (Finger Millet),CHIKMAGALUR,1229,62432
Ragi (Finger Millet),CHITRADURGA,1572,76865
Ragi (Finger Millet),DAKSHINA KANNADA,0,0
Ragi (Finger Millet),DAVANAGERE,1375,16688
Ragi (Finger Millet),DHARWAD,1673,144
Ragi (Finger Millet),GADAG,1684,128
Ragi (Finger Millet),KALBURGI,1687,297
Ragi (Finger Millet),HASSAN,1065,81921
Ragi (Finger Millet),HAVERI,1303,612
Ragi (Finger Millet),KODAGU,1763,32
Ragi (Finger Millet),KOLAR,2208,144429
Ragi (Finger Millet),KOPPAL,1701,141
Ragi (Finger Millet),MANDYA,1639,117155
Ragi (Finger Millet),MYSURU,1647,125188
Ragi (Finger Millet),RAICHUR,1676,158
Ragi (Finger Millet),RAMANAGARAM,2234,151996
Ragi (Finger Millet),SHIVAMOGGA,1674,919
Ragi (Finger Millet),TUMAKURU,1631,264605
Ragi (Finger Millet),UDUPI,1763,2
Ragi (Finger Millet),UTTARA KANNADA,1593,21
Ragi (Finger Millet),YADGIR,1716,29
Maize,BAGALKOTE,4328,343188
Maize,BENGALURU - URBAN,7495,7975
Maize,BENGALURU - RURAL,4586,39564
Maize,BELAGAVI,4353,984235
Maize,BALLARI,3942,751401
Maize,BIDAR,3202,5335
Maize,VIJAYAPURA,3429,271213
Maize,CHAMARAJANAGAR,3740,142285
Maize,CHICKBALLAPUR,3730,205746
Maize,CHIKMAGALUR,3283,69809
Maize,CHITRADURGA,3922,449506
Maize,DAKSHINA KANNADA,3709,4
Maize,DAVANAGERE,3775,525924
Maize,DHARWAD,3242,207815
Maize,GADAG,2195,198341
Maize,KALBURGI,2801,10048
Maize,HASSAN,3811,466722
Maize,HAVERI,3350,747164
Maize,KODAGU,4747,1937
Maize,KOLAR,3623,10571
Maize,KOPPAL,2979,278172
Maize,MANDYA,2846,17739
Maize,MYSURU,3868,191843
Maize,RAICHUR,4645,7339
Maize,RAMANAGARAM,3205,14942
Maize,SHIVAMOGGA,4317,282935
Maize,TUMAKURU,2761,92574
Maize,UDUPI,3692,233
Maize,UTTARA KANNADA,4459,45986
Maize,YADGIR,3070,1154
Bajra (Pearl Millet),BAGALKOTE,1910,71858
Bajra (Pearl Millet),BENGALURU - URBAN,1438,50
Bajra (Pearl Millet),BENGALURU - RURAL,1438,26
Bajra (Pearl Millet),BELAGAVI,1341,16078
Bajra (Pearl Millet),BALLARI,1768,28462
Bajra (Pearl Millet),BIDAR,951,567
Bajra (Pearl Millet),VIJAYAPURA,1005,27974
Bajra (Pearl Millet),CHAMARAJANAGAR,2005,311
Bajra (Pearl Millet),CHICKBALLAPUR,1399,280
Bajra (Pearl Millet),CHIKMAGALUR,1432,60
Bajra (Pearl Millet),CHITRADURGA,912,1801
Bajra (Pearl Millet),DAKSHINA KANNADA,0,0
Bajra (Pearl Millet),DAVANAGERE,1106,482
Bajra (Pearl Millet),DHARWAD,1388,93
Bajra (Pearl Millet),GADAG,785,2046
Bajra (Pearl Millet),KALBURGI,1406,2813
Bajra (Pearl Millet),HASSAN,1345,74
Bajra (Pearl Millet),HAVERI,1355,79
Bajra (Pearl Millet),KODAGU,1438,6
Bajra (Pearl Millet),KOLAR,1426,207
Bajra (Pearl Millet),KOPPAL,1256,94139
Bajra (Pearl Millet),MANDYA,1393,17
Bajra (Pearl Millet),MYSURU,1427,17
Bajra (Pearl Millet),RAICHUR,1581,56303
Bajra (Pearl Millet),RAMANAGARAM,1423,40
Bajra (Pearl Millet),SHIVAMOGGA,1322,11
Bajra (Pearl Millet),TUMAKURU,1438,210
Bajra (Pearl Millet),UDUPI,1438,1
Bajra (Pearl Millet),UTTARA KANNADA,1438,4
Bajra (Pearl Millet),YADGIR,1353,12256
Wheat,BAGALKOTE,2001,62845
Wheat,BENGALURU - URBAN,1292,3
Wheat,BENGALURU - RURAL,1292,4
Wheat,BELAGAVI,1552,99500
Wheat,BALLARI,1025,116
Wheat,BIDAR,1126,9073
Wheat,VIJAYAPURA,911,41434
Wheat,CHAMARAJANAGAR,1292,31
Wheat,CHICKBALLAPUR,1292,12
Wheat,CHIKMAGALUR,1292,14
Wheat,CHITRADURGA,1533,569
Wheat,DAKSHINA KANNADA,0,0
Wheat,DAVANAGERE,1292,244
Wheat,DHARWAD,561,12516
Wheat,GADAG,671,10918
Wheat,KALBURGI,1871,23986
Wheat,HASSAN,1292,4
Wheat,HAVERI,504,193
Wheat,KODAGU,1292,1
Wheat,KOLAR,1292,4
Wheat,KOPPAL,499,605
Wheat,MANDYA,1292,4
Wheat,MYSURU,1292,1
Wheat,RAICHUR,625,87
Wheat,RAMANAGARAM,1292,9
Wheat,SHIVAMOGGA,1292,1
Wheat,TUMAKURU,1292,9
Wheat,UDUPI,0,0
Wheat,UTTARA KANNADA,0,0
Wheat,YADGIR,962,194
Navane (Foxtail Millet),BAGALKOTE,448,65
Navane (Foxtail Millet),BENGALURU - URBAN,448,0
Navane (Foxtail Millet),BENGALURU - RURAL,448,1
Navane (Foxtail Millet),BELAGAVI,347,158
Navane (Foxtail Millet),BALLARI,556,3112
Navane (Foxtail Millet),BIDAR,448,10
Navane (Foxtail Millet),VIJAYAPURA,448,125
Navane (Foxtail Millet),CHAMARAJANAGAR,448,14
Navane (Foxtail Millet),CHICKBALLAPUR,448,26
Navane (Foxtail Millet),CHIKMAGALUR,448,12
Navane (Foxtail Millet),CHITRADURGA,351,689
Navane (Foxtail Millet),DAKSHINA KANNADA,0,0
Navane (Foxtail Millet),DAVANAGERE,360,58
Navane (Foxtail Millet),DHARWAD,448,16
Navane (Foxtail Millet),GADAG,296,41
Navane (Foxtail Millet),KALBURGI,448,69
Navane (Foxtail Millet),HASSAN,448,9
Navane (Foxtail Millet),HAVERI,380,34
Navane (Foxtail Millet),KODAGU,0,0
Navane (Foxtail Millet),KOLAR,448,11
Navane (Foxtail Millet),KOPPAL,390,2116
Navane (Foxtail Millet),MANDYA,448,3
Navane (Foxtail Millet),MYSURU,448,5
Navane (Foxtail Millet),RAICHUR,448,349
Navane (Foxtail Millet),RAMANAGARAM,448,2
Navane (Foxtail Millet),SHIVAMOGGA,448,2
Navane (Foxtail Millet),TUMAKURU,430,212
Navane (Foxtail Millet),UDUPI,0,0
Navane (Foxtail Millet),UTTARA KANNADA,0,0
Navane (Foxtail Millet),YADGIR,448,12
Tur (Arhar/Toor Dal),BAGALKOTE,877,45579
Tur (Arhar/Toor Dal),BENGALURU - URBAN,759,517
Tur (Arhar/Toor Dal),BENGALURU - RURAL,1146,1202
Tur (Arhar/Toor Dal),BELAGAVI,423,6113
Tur (Arhar/Toor Dal),BALLARI,747,10385
Tur (Arhar/Toor Dal),BIDAR,774,108091
Tur (Arhar/Toor Dal),VIJAYAPURA,433,222715
Tur (Arhar/Toor Dal),CHAMARAJANAGAR,520,191
Tur (Arhar/Toor Dal),CHICKBALLAPUR,717,2493
Tur (Arhar/Toor Dal),CHIKMAGALUR,759,203
Tur (Arhar/Toor Dal),CHITRADURGA,651,3179
Tur (Arhar/Toor Dal),DAKSHINA KANNADA,0,0
Tur (Arhar/Toor Dal),DAVANAGERE,852,435
Tur (Arhar/Toor Dal),DHARWAD,568,161
Tur (Arhar/Toor Dal),GADAG,520,293
Tur (Arhar/Toor Dal),KALBURGI,1070,622553
Tur (Arhar/Toor Dal),HASSAN,433,316
Tur (Arhar/Toor Dal),HAVERI,1373,181
Tur (Arhar/Toor Dal),KODAGU,759,2
Tur (Arhar/Toor Dal),KOLAR,658,811
Tur (Arhar/Toor Dal),KOPPAL,508,17219
Tur (Arhar/Toor Dal),MANDYA,660,399
Tur (Arhar/Toor Dal),MYSURU,606,1993
Tur (Arhar/Toor Dal),RAICHUR,708,108390
Tur (Arhar/Toor Dal),RAMANAGARAM,722,1260
Tur (Arhar/Toor Dal),SHIVAMOGGA,759,51
Tur (Arhar/Toor Dal),TUMAKURU,404,5679
Tur (Arhar/Toor Dal),UDUPI,759,1
Tur (Arhar/Toor Dal),UTTARA KANNADA,759,9
Tur (Arhar/Toor Dal),YADGIR,829,77710
Black Gram (Urad),BAGALKOTE,332,1137
Black Gram (Urad),BENGALURU - URBAN,577,4
Black Gram (Urad),BENGALURU - RURAL,551,2
Black Gram (Urad),BELAGAVI,519,6917
Black Gram (Urad),BALLARI,537,92
Black Gram (Urad),BIDAR,689,11760
Black Gram (Urad),VIJAYAPURA,293,486
Black Gram (Urad),CHAMARAJANAGAR,375,158
Black Gram (Urad),CHICKBALLAPUR,577,114
Black Gram (Urad),CHIKMAGALUR,287,18
Black Gram (Urad),CHITRADURGA,572,6
Black Gram (Urad),DAKSHINA KANNADA,524,2
Black Gram (Urad),DAVANAGERE,538,5
Black Gram (Urad),DHARWAD,431,1804
Black Gram (Urad),GADAG,570,39
Black Gram (Urad),KALBURGI,718,19596
Black Gram (Urad),HASSAN,276,47
Black Gram (Urad),HAVERI,213,71
Black Gram (Urad),KODAGU,0,0
Black Gram (Urad),KOLAR,570,18
Black Gram (Urad),KOPPAL,525,227
Black Gram (Urad),MANDYA,560,26
Black Gram (Urad),MYSURU,404,6738
Black Gram (Urad),RAICHUR,524,27
Black Gram (Urad),RAMANAGARAM,577,1
Black Gram (Urad),SHIVAMOGGA,536,17
Black Gram (Urad),TUMAKURU,337,114
Black Gram (Urad),UDUPI,555,1400
Black Gram (Urad),UTTARA KANNADA,524,128
Black Gram (Urad),YADGIR,710,107
Horse Gram,BAGALKOTE,606,837
Horse Gram,BENGALURU - URBAN,668,178
Horse Gram,BENGALURU - RURAL,733,595
Horse Gram,BELAGAVI,644,1579
Horse Gram,BALLARI,962,942
Horse Gram,BIDAR,668,140
Horse Gram,VIJAYAPURA,516,227
Horse Gram,CHAMARAJANAGAR,787,16434
Horse Gram,CHICKBALLAPUR,874,1700
Horse Gram,CHIKMAGALUR,959,6650
Horse Gram,CHITRADURGA,784,2441
Horse Gram,DAKSHINA KANNADA,0,0
Horse Gram,DAVANAGERE,394,140
Horse Gram,DHARWAD,436,3278
Horse Gram,GADAG,424,648
Horse Gram,KALBURGI,658,66
Horse Gram,HASSAN,590,2015
Horse Gram,HAVERI,698,8345
Horse Gram,KODAGU,0,0
Horse Gram,KOLAR,703,4486
Horse Gram,KOPPAL,520,5153
Horse Gram,MANDYA,706,9724
Horse Gram,MYSURU,583,20516
Horse Gram,RAICHUR,493,122
Horse Gram,RAMANAGARAM,815,3626
Horse Gram,SHIVAMOGGA,654,309
Horse Gram,TUMAKURU,495,4943
Horse Gram,UDUPI,656,20
Horse Gram,UTTARA KANNADA,778,1690
Horse Gram,YADGIR,661,36
Bengal Gram (Chickpea),BAGALKOTE,873,40468
Bengal Gram (Chickpea),BENGALURU - URBAN,625,14
Bengal Gram (Chickpea),BENGALURU - RURAL,625,102
Bengal Gram (Chickpea),BELAGAVI,729,81112
Bengal Gram (Chickpea),BALLARI,710,9985
Bengal Gram (Chickpea),BIDAR,616,41620
Bengal Gram (Chickpea),VIJAYAPURA,616,35174
Bengal Gram (Chickpea),CHAMARAJANAGAR,776,2274
Bengal Gram (Chickpea),CHICKBALLAPUR,625,594
Bengal Gram (Chickpea),CHIKMAGALUR,827,5574
Bengal Gram (Chickpea),CHITRADURGA,652,23705
Bengal Gram (Chickpea),DAKSHINA KANNADA,0,0
Bengal Gram (Chickpea),DAVANAGERE,476,3153
Bengal Gram (Chickpea),DHARWAD,524,52782
Bengal Gram (Chickpea),GADAG,444,54365
Bengal Gram (Chickpea),KALBURGI,1083,38263
Bengal Gram (Chickpea),HASSAN,508,634
Bengal Gram (Chickpea),HAVERI,588,2147
Bengal Gram (Chickpea),KODAGU,625,1
Bengal Gram (Chickpea),KOLAR,625,102
Bengal Gram (Chickpea),KOPPAL,469,29302
Bengal Gram (Chickpea),MANDYA,625,34
Bengal Gram (Chickpea),MYSURU,524,195
Bengal Gram (Chickpea),RAICHUR,654,22959
Bengal Gram (Chickpea),RAMANAGARAM,625,64
Bengal Gram (Chickpea),SHIVAMOGGA,625,6
Bengal Gram (Chickpea),TUMAKURU,545,398
Bengal Gram (Chickpea),UDUPI,0,0
Bengal Gram (Chickpea),UTTARA KANNADA,625,9
Bengal Gram (Chickpea),YADGIR,814,515
Green Gram (Moong),BAGALKOTE,187,3941
Green Gram (Moong),BENGALURU - URBAN,405,3
Green Gram (Moong),BENGALURU - RURAL,364,8
Green Gram (Moong),BELAGAVI,436,17568
Green Gram (Moong),BALLARI,377,78
Green Gram (Moong),BIDAR,680,33164
Green Gram (Moong),VIJAYAPURA,219,900
Green Gram (Moong),CHAMARAJANAGAR,248,52
Green Gram (Moong),CHICKBALLAPUR,398,47
Green Gram (Moong),CHIKMAGALUR,294,138
Green Gram (Moong),CHITRADURGA,363,155
Green Gram (Moong),DAKSHINA KANNADA,298,0
Green Gram (Moong),DAVANAGERE,371,28
Green Gram (Moong),DHARWAD,406,24732
Green Gram (Moong),GADAG,201,24191
Green Gram (Moong),KALBURGI,603,51475
Green Gram (Moong),HASSAN,223,155
Green Gram (Moong),HAVERI,292,2628
Green Gram (Moong),KODAGU,405,1
Green Gram (Moong),KOLAR,379,15
Green Gram (Moong),KOPPAL,247,6521
Green Gram (Moong),MANDYA,374,6
Green Gram (Moong),MYSURU,351,2387
Green Gram (Moong),RAICHUR,389,282
Green Gram (Moong),RAMANAGARAM,405,4
Green Gram (Moong),SHIVAMOGGA,237,355
Green Gram (Moong),TUMAKURU,248,1607
Green Gram (Moong),UDUPI,279,19
Green Gram (Moong),UTTARA KANNADA,480,1562
Green Gram (Moong),YADGIR,566,8736
Avare (Field Bean),BAGALKOTE,804,86
Avare (Field Bean),BENGALURU - URBAN,818,544
Avare (Field Bean),BENGALURU - RURAL,802,515
Avare (Field Bean),BELAGAVI,763,1559
Avare (Field Bean),BALLARI,799,172
Avare (Field Bean),BIDAR,785,28
Avare (Field Bean),VIJAYAPURA,794,86
Avare (Field Bean),CHAMARAJANAGAR,789,1287
Avare (Field Bean),CHICKBALLAPUR,790,1791
Avare (Field Bean),CHIKMAGALUR,791,783
Avare (Field Bean),CHITRADURGA,805,1116
Avare (Field Bean),DAKSHINA KANNADA,0,0
Avare (Field Bean),DAVANAGERE,769,374
Avare (Field Bean),DHARWAD,768,98
Avare (Field Bean),GADAG,798,43
Avare (Field Bean),KALBURGI,794,57
Avare (Field Bean),HASSAN,616,721
Avare (Field Bean),HAVERI,754,691
Avare (Field Bean),KODAGU,0,0
Avare (Field Bean),KOLAR,1176,3379
Avare (Field Bean),KOPPAL,765,333
Avare (Field Bean),MANDYA,572,928
Avare (Field Bean),MYSURU,724,8236
Avare (Field Bean),RAICHUR,775,11
Avare (Field Bean),RAMANAGARAM,902,1174
Avare (Field Bean),SHIVAMOGGA,788,19
Avare (Field Bean),TUMAKURU,819,991
Avare (Field Bean),UDUPI,820,2
Avare (Field Bean),UTTARA KANNADA,750,22
Avare (Field Bean),YADGIR,785,7
Cowpea,BAGALKOTE,471,581
Cowpea,BENGALURU - URBAN,340,11
Cowpea,BENGALURU - RURAL,372,26
Cowpea,BELAGAVI,586,455
Cowpea,BALLARI,591,2056
Cowpea,BIDAR,583,17
Cowpea,VIJAYAPURA,524,87
Cowpea,CHAMARAJANAGAR,433,496
Cowpea,CHICKBALLAPUR,382,74
Cowpea,CHIKMAGALUR,372,16
Cowpea,CHITRADURGA,520,78
Cowpea,DAKSHINA KANNADA,329,2
Cowpea,DAVANAGERE,605,451
Cowpea,DHARWAD,638,156
Cowpea,GADAG,489,1109
Cowpea,KALBURGI,352,16
Cowpea,HASSAN,370,1944
Cowpea,HAVERI,646,2765
Cowpea,KODAGU,0,0
Cowpea,KOLAR,401,82
Cowpea,KOPPAL,621,2333
Cowpea,MANDYA,270,538
Cowpea,MYSURU,433,9653
Cowpea,RAICHUR,653,165
Cowpea,RAMANAGARAM,747,254
Cowpea,SHIVAMOGGA,427,102
Cowpea,TUMAKURU,310,991
Cowpea,UDUPI,609,119
Cowpea,UTTARA KANNADA,653,330
Cowpea,YADGIR,433,30
Groundnut,BAGALKOTE,1378,64320
Groundnut,BENGALURU - URBAN,941,37
Groundnut,BENGALURU - RURAL,1082,263
Groundnut,BELAGAVI,1102,37147
Groundnut,BALLARI,1333,98841
Groundnut,BIDAR,989,483
Groundnut,VIJAYAPURA,763,24255
Groundnut,CHAMARAJANAGAR,1313,4674
Groundnut,CHICKBALLAPUR,987,35197
Groundnut,CHIKMAGALUR,1144,812
Groundnut,CHITRADURGA,849,142396
Groundnut,DAKSHINA KANNADA,941,5
Groundnut,DAVANAGERE,1380,17282
Groundnut,DHARWAD,1005,31247
Groundnut,GADAG,603,33388
Groundnut,KALBURGI,1271,7543
Groundnut,HASSAN,1286,469
Groundnut,HAVERI,1176,39320
Groundnut,KODAGU,941,4
Groundnut,KOLAR,1139,13148
Groundnut,KOPPAL,952,41906
Groundnut,MANDYA,1085,514
Groundnut,MYSURU,1028,1539
Groundnut,RAICHUR,907,13384
Groundnut,RAMANAGARAM,1304,1254
Groundnut,SHIVAMOGGA,1062,330
Groundnut,TUMAKURU,808,69599
Groundnut,UDUPI,2195,4258
Groundnut,UTTARA KANNADA,2222,3974
Groundnut,YADGIR,1406,32309
Sesame,BAGALKOTE,843,728
Sesame,BENGALURU - URBAN,921,3
Sesame,BENGALURU - RURAL,921,2
Sesame,BELAGAVI,227,35
Sesame,BALLARI,1417,293
Sesame,BIDAR,1009,941
Sesame,VIJAYAPURA,921,144
Sesame,CHAMARAJANAGAR,559,121
Sesame,CHICKBALLAPUR,921,6
Sesame,CHIKMAGALUR,1112,1741
Sesame,CHITRADURGA,1453,103
Sesame,DAKSHINA KANNADA,0,0
Sesame,DAVANAGERE,921,14
Sesame,DHARWAD,921,9
Sesame,GADAG,787,91
Sesame,KALBURGI,1090,4704
Sesame,HASSAN,727,206
Sesame,HAVERI,921,18
Sesame,KODAGU,0,0
Sesame,KOLAR,921,9
Sesame,KOPPAL,870,6221
Sesame,MANDYA,864,1377
Sesame,MYSURU,759,1694
Sesame,RAICHUR,878,1644
Sesame,RAMANAGARAM,860,41
Sesame,SHIVAMOGGA,921,18
Sesame,TUMAKURU,938,63
Sesame,UDUPI,921,45
Sesame,UTTARA KANNADA,921,9
Sesame,YADGIR,229,7
Sunflower,BAGALKOTE,981,19895
Sunflower,BENGALURU - URBAN,863,3
Sunflower,BENGALURU - RURAL,1005,9
Sunflower,BELAGAVI,931,16016
Sunflower,BALLARI,1078,6712
Sunflower,BIDAR,336,35
Sunflower,VIJAYAPURA,928,6791
Sunflower,CHAMARAJANAGAR,1035,5564
Sunflower,CHICKBALLAPUR,1002,167
Sunflower,CHIKMAGALUR,952,74
Sunflower,CHITRADURGA,917,1496
Sunflower,DAKSHINA KANNADA,0,0
Sunflower,DAVANAGERE,1196,931
Sunflower,DHARWAD,498,2195
Sunflower,GADAG,483,9954
Sunflower,KALBURGI,656,3304
Sunflower,HASSAN,534,34
Sunflower,HAVERI,1435,13132
Sunflower,KODAGU,0,0
Sunflower,KOLAR,965,13
Sunflower,KOPPAL,812,9781
Sunflower,MANDYA,1073,19
Sunflower,MYSURU,491,273
Sunflower,RAICHUR,914,6965
Sunflower,RAMANAGARAM,863,5
Sunflower,SHIVAMOGGA,2777,4141
Sunflower,TUMAKURU,617,8
Sunflower,UDUPI,0,0
Sunflower,UTTARA KANNADA,1008,12
Sunflower,YADGIR,918,606
Castor,BAGALKOTE,896,36
Castor,BENGALURU - URBAN,896,5
Castor,BENGALURU - RURAL,896,17
Castor,BELAGAVI,896,19
Castor,BALLARI,896,130
Castor,BIDAR,896,3
Castor,VIJAYAPURA,896,7
Castor,CHAMARAJANAGAR,896,185
Castor,CHICKBALLAPUR,287,16
Castor,CHIKMAGALUR,896,30
Castor,CHITRADURGA,945,362
Castor,DAKSHINA KANNADA,896,1
Castor,DAVANAGERE,896,8
Castor,DHARWAD,896,15
Castor,GADAG,896,13
Castor,KALBURGI,0,0
Castor,HASSAN,896,189
Castor,HAVERI,896,10
Castor,KODAGU,0,0
Castor,KOLAR,896,30
Castor,KOPPAL,896,237
Castor,MANDYA,896,111
Castor,MYSURU,896,193
Castor,RAICHUR,896,447
Castor,RAMANAGARAM,945,294
Castor,SHIVAMOGGA,0,0
Castor,TUMAKURU,896,1045
Castor,UDUPI,0,0
Castor,UTTARA KANNADA,0,0
Castor,YADGIR,896,6
Niger Seed,BAGALKOTE,247,8
Niger Seed,BENGALURU - URBAN,247,1
Niger Seed,BENGALURU - RURAL,247,1
Niger Seed,BELAGAVI,247,19
Niger Seed,BALLARI,248,18
Niger Seed,BIDAR,235,30
Niger Seed,VIJAYAPURA,247,3
Niger Seed,CHAMARAJANAGAR,247,1
Niger Seed,CHICKBALLAPUR,247,0
Niger Seed,CHIKMAGALUR,0,0
Niger Seed,CHITRADURGA,0,0
Niger Seed,DAKSHINA KANNADA,0,0
Niger Seed,DAVANAGERE,247,2
Niger Seed,DHARWAD,247,4
Niger Seed,GADAG,248,7
Niger Seed,KALBURGI,247,4
Niger Seed,HASSAN,254,44
Niger Seed,HAVERI,247,3
Niger Seed,KODAGU,0,0
Niger Seed,KOLAR,247,66
Niger Seed,KOPPAL,247,12
Niger Seed,MANDYA,276,2
Niger Seed,MYSURU,247,7
Niger Seed,RAICHUR,247,3
Niger Seed,RAMANAGARAM,247,0
Niger Seed,SHIVAMOGGA,247,0
Niger Seed,TUMAKURU,247,1
Niger Seed,UDUPI,0,0
Niger Seed,UTTARA KANNADA,247,0
Niger Seed,YADGIR,247,0
Mustard,BAGALKOTE,209,1
Mustard,BENGALURU - URBAN,209,0
Mustard,BENGALURU - RURAL,209,0
Mustard,BELAGAVI,209,11
Mustard,BALLARI,209,54
Mustard,BIDAR,209,0
Mustard,VIJAYAPURA,209,1
Mustard,CHAMARAJANAGAR,0,0
Mustard,CHICKBALLAPUR,209,1
Mustard,CHIKMAGALUR,0,0
Mustard,CHITRADURGA,209,0
Mustard,DAKSHINA KANNADA,0,0
Mustard,DAVANAGERE,0,0
Mustard,DHARWAD,209,0
Mustard,GADAG,0,0
Mustard,KALBURGI,0,0
Mustard,HASSAN,209,1
Mustard,HAVERI,0,0
Mustard,KODAGU,0,0
Mustard,KOLAR,209,1
Mustard,KOPPAL,209,0
Mustard,MANDYA,0,0
Mustard,MYSURU,0,0
Mustard,RAICHUR,209,18
Mustard,RAMANAGARAM,209,1
Mustard,SHIVAMOGGA,209,0
Mustard,TUMAKURU,209,0
Mustard,UDUPI,0,0
Mustard,UTTARA KANNADA,0,0
Mustard,YADGIR,209,1
Soybean,BAGALKOTE,1251,1420
Soybean,BENGALURU - URBAN,0,0
Soybean,BENGALURU - RURAL,1212,7
Soybean,BELAGAVI,1033,87548
Soybean,BALLARI,1212,25
Soybean,BIDAR,1331,232680
Soybean,VIJAYAPURA,1212,167
Soybean,CHAMARAJANAGAR,1212,104
Soybean,CHICKBALLAPUR,1212,13
Soybean,CHIKMAGALUR,1212,147
Soybean,CHITRADURGA,1212,8
Soybean,DAKSHINA KANNADA,0,0
Soybean,DAVANAGERE,1212,18
Soybean,DHARWAD,1084,32521
Soybean,GADAG,1212,72
Soybean,KALBURGI,1186,14579
Soybean,HASSAN,1212,12
Soybean,HAVERI,986,7120
Soybean,KODAGU,0,0
Soybean,KOLAR,1212,5
Soybean,KOPPAL,1212,52
Soybean,MANDYA,1212,58
Soybean,MYSURU,1212,68
Soybean,RAICHUR,1212,16
Soybean,RAMANAGARAM,1212,6
Soybean,SHIVAMOGGA,1212,25
Soybean,TUMAKURU,1212,7
Soybean,UDUPI,0,0
Soybean,UTTARA KANNADA,1212,59
Soybean,YADGIR,1212,6
Safflower,BAGALKOTE,588,315
Safflower,BENGALURU - URBAN,665,4
Safflower,BENGALURU - RURAL,665,5
Safflower,BELAGAVI,564,653
Safflower,BALLARI,1022,229
Safflower,BIDAR,890,6734
Safflower,VIJAYAPURA,661,1095
Safflower,CHAMARAJANAGAR,665,6
Safflower,CHICKBALLAPUR,665,3
Safflower,CHIKMAGALUR,665,1
Safflower,CHITRADURGA,463,489
Safflower,DAKSHINA KANNADA,0,0
Safflower,DAVANAGERE,665,11
Safflower,DHARWAD,549,3526
Safflower,GADAG,543,2214
Safflower,KALBURGI,683,2509
Safflower,HASSAN,665,3
Safflower,HAVERI,787,433
Safflower,KODAGU,0,0
Safflower,KOLAR,665,4
Safflower,KOPPAL,482,670
Safflower,MANDYA,665,7
Safflower,MYSURU,665,5
Safflower,RAICHUR,665,211
Safflower,RAMANAGARAM,665,3
Safflower,SHIVAMOGGA,0,0
Safflower,TUMAKURU,665,18
Safflower,UDUPI,665,1
Safflower,UTTARA KANNADA,0,0
Safflower,YADGIR,516,122
Linseed,BAGALKOTE,581,8
Linseed,BENGALURU - URBAN,449,2
Linseed,BENGALURU - RURAL,449,8
Linseed,BELAGAVI,389,18
Linseed,BALLARI,449,1
Linseed,BIDAR,449,1
Linseed,VIJAYAPURA,449,11
Linseed,CHAMARAJANAGAR,449,1
Linseed,CHICKBALLAPUR,449,28
Linseed,CHIKMAGALUR,0,0
Linseed,CHITRADURGA,449,53
Linseed,DAKSHINA KANNADA,0,0
Linseed,DAVANAGERE,0,0
Linseed,DHARWAD,449,3
Linseed,GADAG,449,0
Linseed,KALBURGI,449,28
Linseed,HASSAN,0,0
Linseed,HAVERI,449,4
Linseed,KODAGU,0,0
Linseed,KOLAR,449,1
Linseed,KOPPAL,484,15
Linseed,MANDYA,449,1
Linseed,MYSURU,0,0
Linseed,RAICHUR,449,1
Linseed,RAMANAGARAM,449,4
Linseed,SHIVAMOGGA,449,1
Linseed,TUMAKURU,449,338
Linseed,UDUPI,0,0
Linseed,UTTARA KANNADA,449,1
Linseed,YADGIR,449,0
Cotton,BAGALKOTE,454,7142
Cotton,BENGALURU - URBAN,0,0
Cotton,BENGALURU - RURAL,489,6
Cotton,BELAGAVI,405,95744
Cotton,BALLARI,567,167965
Cotton,BIDAR,488,9776
Cotton,VIJAYAPURA,356,98817
Cotton,CHAMARAJANAGAR,225,12162
Cotton,CHICKBALLAPUR,326,274
Cotton,CHIKMAGALUR,1005,5890
Cotton,CHITRADURGA,401,26669
Cotton,DAKSHINA KANNADA,0,0
Cotton,DAVANAGERE,387,4001
Cotton,DHARWAD,305,159562
Cotton,GADAG,362,74306
Cotton,KALBURGI,401,254532
Cotton,HASSAN,473,1185
Cotton,HAVERI,341,79052
Cotton,KODAGU,489,3
Cotton,KOLAR,174,16
Cotton,KOPPAL,365,27270
Cotton,MANDYA,489,6
Cotton,MYSURU,286,50093
Cotton,RAICHUR,527,528978
Cotton,RAMANAGARAM,489,6
Cotton,SHIVAMOGGA,482,898
Cotton,TUMAKURU,383,6905
Cotton,UDUPI,0,0
Cotton,UTTARA KANNADA,422,981
Cotton,YADGIR,728,704549
Sugarcane,BAGALKOTE,92,7592668
Sugarcane,BENGALURU - URBAN,96,2880
Sugarcane,BENGALURU - RURAL,96,7584
Sugarcane,BELAGAVI,101,20346248
Sugarcane,BALLARI,80,475200
Sugarcane,BIDAR,56,473312
Sugarcane,VIJAYAPURA,79,3074680
Sugarcane,CHAMARAJANAGAR,105,718620
Sugarcane,CHICKBALLAPUR,96,5088
Sugarcane,CHIKMAGALUR,100,25400
Sugarcane,CHITRADURGA,96,3936
Sugarcane,DAKSHINA KANNADA,96,1440
Sugarcane,DAVANAGERE,113,110853
Sugarcane,DHARWAD,77,442288
Sugarcane,GADAG,50,54300
Sugarcane,KALBURGI,70,1338190
Sugarcane,HASSAN,100,212500
Sugarcane,HAVERI,97,797922
Sugarcane,KODAGU,96,96
Sugarcane,KOLAR,96,3840
Sugarcane,KOPPAL,96,90624
Sugarcane,MANDYA,111,4328889
Sugarcane,MYSURU,136,1458056
Sugarcane,RAICHUR,96,31776
Sugarcane,RAMANAGARAM,40,8600
Sugarcane,SHIVAMOGGA,120,85560
Sugarcane,TUMAKURU,92,38272
Sugarcane,UDUPI,96,1248
Sugarcane,UTTARA KANNADA,68,530128
Sugarcane,YADGIR,96,56832
Tobacco,BAGALKOTE,829,2
Tobacco,BENGALURU - URBAN,829,2
Tobacco,BENGALURU - RURAL,829,2
Tobacco,BELAGAVI,1110,6588
Tobacco,BALLARI,829,469
Tobacco,BIDAR,829,2
Tobacco,VIJAYAPURA,829,7
Tobacco,CHAMARAJANAGAR,829,86
Tobacco,CHICKBALLAPUR,829,4
Tobacco,CHIKMAGALUR,829,7
Tobacco,CHITRADURGA,829,65
Tobacco,DAKSHINA KANNADA,829,16
Tobacco,DAVANAGERE,829,75
Tobacco,DHARWAD,0,0
Tobacco,GADAG,829,6
Tobacco,KALBURGI,829,68
Tobacco,HASSAN,641,4847
Tobacco,HAVERI,829,3
Tobacco,KODAGU,0,0
Tobacco,KOLAR,829,2
Tobacco,KOPPAL,829,11
Tobacco,MANDYA,829,8
Tobacco,MYSURU,825,46473
Tobacco,RAICHUR,829,125
Tobacco,RAMANAGARAM,829,1
Tobacco,SHIVAMOGGA,829,1
Tobacco,TUMAKURU,829,12
Tobacco,UDUPI,829,2
Tobacco,UTTARA KANNADA,0,0
Tobacco,YADGIR,0,0
Sunhemp,BAGALKOTE,251,39
Sunhemp,BENGALURU - URBAN,251,0
Sunhemp,BENGALURU - RURAL,251,1
Sunhemp,BELAGAVI,251,70
Sunhemp,BALLARI,251,16
Sunhemp,BIDAR,251,13
Sunhemp,VIJAYAPURA,251,13
Sunhemp,CHAMARAJANAGAR,251,66
Sunhemp,CHICKBALLAPUR,251,1
Sunhemp,CHIKMAGALUR,251,0
Sunhemp,CHITRADURGA,251,12
Sunhemp,DAKSHINA KANNADA,0,0
Sunhemp,DAVANAGERE,251,7
Sunhemp,DHARWAD,251,1
Sunhemp,GADAG,251,1
Sunhemp,KALBURGI,251,1
Sunhemp,HASSAN,251,6
Sunhemp,HAVERI,251,6
Sunhemp,KODAGU,0,0
Sunhemp,KOLAR,251,1
Sunhemp,KOPPAL,251,9
Sunhemp,MANDYA,251,2
Sunhemp,MYSURU,251,13
Sunhemp,RAICHUR,251,1
Sunhemp,RAMANAGARAM,251,3
Sunhemp,SHIVAMOGGA,251,1
Sunhemp,TUMAKURU,251,6
Sunhemp,UDUPI,251,0
Sunhemp,UTTARA KANNADA,251,1
Sunhemp,YADGIR,0,0
Onion,BAGALKOTE,6956,302319
Onion,BENGALURU - URBAN,7237,80
Onion,BENGALURU - RURAL,10625,553
Onion,BELAGAVI,8784,108485
Onion,BALLARI,7347,114312
Onion,BIDAR,11950,16085
Onion,VIJAYAPURA,11088,493775
Onion,CHAMARAJANAGAR,7380,13661
Onion,CHICKBALLAPUR,12072,33114
Onion,CHIKMAGALUR,6530,50993
Onion,CHITRADURGA,11697,450469
Onion,DAKSHINA KANNADA,0,0
Onion,DAVANAGERE,6732,47655
Onion,DHARWAD,2162,29717
Onion,GADAG,3125,94004
Onion,KALBURGI,11607,34648
Onion,HASSAN,8601,1393
Onion,HAVERI,3775,14881
Onion,KODAGU,0,0
Onion,KOLAR,10477,587
Onion,KOPPAL,7147,60437
Onion,MANDYA,9503,3051
Onion,MYSURU,12469,935
Onion,RAICHUR,8501,25308
Onion,RAMANAGARAM,8824,124
Onion,SHIVAMOGGA,13407,54
Onion,TUMAKURU,10388,6628
Onion,UDUPI,0,0
Onion,UTTARA KANNADA,12499,412
Onion,YADGIR,10436,8234
Potato,BAGALKOTE,6791,14
Potato,BENGALURU - URBAN,7107,270
Potato,BENGALURU - RURAL,15492,12734
Potato,BELAGAVI,5224,12444
Potato,BALLARI,8972,99
Potato,BIDAR,18008,3476
Potato,VIJAYAPURA,10290,185
Potato,CHAMARAJANAGAR,13594,14165
Potato,CHICKBALLAPUR,21184,89755
Potato,CHIKMAGALUR,8816,27119
Potato,CHITRADURGA,17221,396
Potato,DAKSHINA KANNADA,0,0
Potato,DAVANAGERE,13767,372
Potato,DHARWAD,8328,10759
Potato,GADAG,18786,94
Potato,KALBURGI,17527,1034
Potato,HASSAN,7389,58272
Potato,HAVERI,10218,72
Potato,KODAGU,6791,34
Potato,KOLAR,14874,78384
Potato,KOPPAL,12706,229
Potato,MANDYA,16869,1181
Potato,MYSURU,11737,998
Potato,RAICHUR,10436,605
Potato,RAMANAGARAM,12789,26
Potato,SHIVAMOGGA,6791,75
Potato,TUMAKURU,10482,136
Potato,UDUPI,0,0
Potato,UTTARA KANNADA,0,0
Potato,YADGIR,13305,213
Tomato,BAGALKOTE,10957,10475
Tomato,BENGALURU - URBAN,24565,13781
Tomato,BENGALURU - RURAL,17155,27826
Tomato,BELAGAVI,8113,22238
Tomato,BALLARI,11077,28899
Tomato,BIDAR,12684,17491
Tomato,VIJAYAPURA,11695,11988
Tomato,CHAMARAJANAGAR,11526,62400
Tomato,CHICKBALLAPUR,14937,153839
Tomato,CHIKMAGALUR,13324,18560
Tomato,CHITRADURGA,10054,49175
Tomato,DAKSHINA KANNADA,0,0
Tomato,DAVANAGERE,13386,29637
Tomato,DHARWAD,9213,5850
Tomato,GADAG,10866,5715
Tomato,KALBURGI,14007,11051
Tomato,HASSAN,7541,13777
Tomato,HAVERI,4148,12846
Tomato,KODAGU,16557,17
Tomato,KOLAR,15461,289251
Tomato,KOPPAL,8153,17814
Tomato,MANDYA,14148,48613
Tomato,MYSURU,18921,106524
Tomato,RAICHUR,13818,6135
Tomato,RAMANAGARAM,13727,7797
Tomato,SHIVAMOGGA,11168,1597
Tomato,TUMAKURU,13232,49264
Tomato,UDUPI,0,0
Tomato,UTTARA KANNADA,10211,317
Tomato,YADGIR,12431,8105
Chillies,BAGALKOTE,896,4613
Chillies,BENGALURU - URBAN,1718,2
Chillies,BENGALURU - RURAL,0,0
Chillies,BELAGAVI,1718,12
Chillies,BALLARI,2675,122384
Chillies,BIDAR,0,0
Chillies,VIJAYAPURA,2398,787
Chillies,CHAMARAJANAGAR,1718,141
Chillies,CHICKBALLAPUR,1718,9
Chillies,CHIKMAGALUR,1674,742
Chillies,CHITRADURGA,2784,1801
Chillies,DAKSHINA KANNADA,1718,2
Chillies,DAVANAGERE,1718,22
Chillies,DHARWAD,175,2974
Chillies,GADAG,742,10056
Chillies,KALBURGI,0,0
Chillies,HASSAN,1718,120
Chillies,HAVERI,768,652
Chillies,KODAGU,0,0
Chillies,KOLAR,0,0
Chillies,KOPPAL,1718,60
Chillies,MANDYA,0,0
Chillies,MYSURU,1718,26
Chillies,RAICHUR,1718,1991
Chillies,RAMANAGARAM,0,0
Chillies,SHIVAMOGGA,1718,9
Chillies,TUMAKURU,1324,647
Chillies,UDUPI,0,0
Chillies,UTTARA KANNADA,0,0
Chillies,YADGIR,0,0
Cabbage,BAGALKOTE,21386,171
Cabbage,BENGALURU - URBAN,21386,2010
Cabbage,BENGALURU - RURAL,21386,3058
Cabbage,BELAGAVI,11297,12156
Cabbage,BALLARI,21386,620
Cabbage,BIDAR,21386,1048
Cabbage,VIJAYAPURA,21386,535
Cabbage,CHAMARAJANAGAR,21386,8255
Cabbage,CHICKBALLAPUR,21386,7678
Cabbage,CHIKMAGALUR,58502,4388
Cabbage,CHITRADURGA,21386,2331
Cabbage,DAKSHINA KANNADA,0,0
Cabbage,DAVANAGERE,21386,2609
Cabbage,DHARWAD,21386,706
Cabbage,GADAG,21386,150
Cabbage,KALBURGI,21386,43
Cabbage,HASSAN,21386,3785
Cabbage,HAVERI,11760,6774
Cabbage,KODAGU,21386,21
Cabbage,KOLAR,21386,11677
Cabbage,KOPPAL,21386,171
Cabbage,MANDYA,62747,7655
Cabbage,MYSURU,64675,12806
Cabbage,RAICHUR,0,0
Cabbage,RAMANAGARAM,21386,299
Cabbage,SHIVAMOGGA,21386,64
Cabbage,TUMAKURU,21386,278
Cabbage,UDUPI,0,0
Cabbage,UTTARA KANNADA,0,0
Cabbage,YADGIR,0,0
Sweet Potato,BAGALKOTE,19954,20
Sweet Potato,BENGALURU - URBAN,19954,40
Sweet Potato,BENGALURU - RURAL,19954,219
Sweet Potato,BELAGAVI,20588,67735
Sweet Potato,BALLARI,0,0
Sweet Potato,BIDAR,19954,40
Sweet Potato,VIJAYAPURA,19954,60
Sweet Potato,CHAMARAJANAGAR,19954,120
Sweet Potato,CHICKBALLAPUR,19954,40
Sweet Potato,CHIKMAGALUR,19954,80
Sweet Potato,CHITRADURGA,19954,40
Sweet Potato,DAKSHINA KANNADA,19954,20
Sweet Potato,DAVANAGERE,0,0
Sweet Potato,DHARWAD,19954,40
Sweet Potato,GADAG,19954,40
Sweet Potato,KALBURGI,19954,40
Sweet Potato,HASSAN,13333,2093
Sweet Potato,HAVERI,0,0
Sweet Potato,KODAGU,13021,1940
Sweet Potato,KOLAR,19489,546
Sweet Potato,KOPPAL,19954,40
Sweet Potato,MANDYA,19954,239
Sweet Potato,MYSURU,19954,878
Sweet Potato,RAICHUR,19954,20
Sweet Potato,RAMANAGARAM,19954,519
Sweet Potato,SHIVAMOGGA,0,0
Sweet Potato,TUMAKURU,19954,200
Sweet Potato,UDUPI,19954,339
Sweet Potato,UTTARA KANNADA,19954,239
Sweet Potato,YADGIR,0,0
Tapioca,BAGALKOTE,12837,77
Tapioca,BENGALURU - URBAN,12837,64
Tapioca,BENGALURU - RURAL,12837,257
Tapioca,BELAGAVI,12837,64
Tapioca,BALLARI,0,0
Tapioca,BIDAR,12837,693
Tapioca,VIJAYAPURA,12837,218
Tapioca,CHAMARAJANAGAR,12625,492
Tapioca,CHICKBALLAPUR,0,0
Tapioca,CHIKMAGALUR,12837,13
Tapioca,CHITRADURGA,0,0
Tapioca,DAKSHINA KANNADA,12837,39
Tapioca,DAVANAGERE,0,0
Tapioca,DHARWAD,12837,270
Tapioca,GADAG,12837,13
Tapioca,KALBURGI,12000,840
Tapioca,HASSAN,12549,1267
Tapioca,HAVERI,12837,51
Tapioca,KODAGU,12286,983
Tapioca,KOLAR,12837,13
Tapioca,KOPPAL,12837,64
Tapioca,MANDYA,12837,13
Tapioca,MYSURU,12995,11540
Tapioca,RAICHUR,12837,26
Tapioca,RAMANAGARAM,12837,39
Tapioca,SHIVAMOGGA,12837,13
Tapioca,TUMAKURU,12837,193
Tapioca,UDUPI,12837,64
Tapioca,UTTARA KANNADA,12837,26
Tapioca,YADGIR,12837,180
Turmeric,BAGALKOTE,37794,138892.95
Turmeric,BENGALURU - URBAN,31899,159
Turmeric,BENGALURU - RURAL,31899,191
Turmeric,BELAGAVI,38023,253613
Turmeric,BALLARI,31899,191
Turmeric,BIDAR,31899,11324
Turmeric,VIJAYAPURA,31899,6029
Turmeric,CHAMARAJANAGAR,27162,208821
Turmeric,CHICKBALLAPUR,31899,255
Turmeric,CHIKMAGALUR,31899,159
Turmeric,CHITRADURGA,31899,32
Turmeric,DAKSHINA KANNADA,31899,128
Turmeric,DAVANAGERE,31899,415
Turmeric,DHARWAD,31899,478
Turmeric,GADAG,31899,32
Turmeric,KALBURGI,12218,7074
Turmeric,HASSAN,31899,478
Turmeric,HAVERI,31899,606
Turmeric,KODAGU,31899,287
Turmeric,KOLAR,31899,64
Turmeric,KOPPAL,31899,383
Turmeric,MANDYA,31899,1404
Turmeric,MYSURU,18573,20486
Turmeric,RAICHUR,31899,1467
Turmeric,RAMANAGARAM,31899,319
Turmeric,SHIVAMOGGA,31899,319
Turmeric,TUMAKURU,31899,159
Turmeric,UDUPI,31899,606
Turmeric,UTTARA KANNADA,31899,734
Turmeric,YADGIR,31899,574
Pepper,BAGALKOTE,0,0
Pepper,BENGALURU - URBAN,471,9
Pepper,BENGALURU - RURAL,471,57
Pepper,BELAGAVI,471,71
Pepper,BALLARI,471,132
Pepper,BIDAR,471,33
Pepper,VIJAYAPURA,0,0
Pepper,CHAMARAJANAGAR,471,132
Pepper,CHICKBALLAPUR,471,57
Pepper,CHIKMAGALUR,538,265019
Pepper,CHITRADURGA,471,264
Pepper,DAKSHINA KANNADA,424,56935
Pepper,DAVANAGERE,471,1606
Pepper,DHARWAD,471,155
Pepper,GADAG,471,9
Pepper,KALBURGI,471,240
Pepper,HASSAN,819,286044
Pepper,HAVERI,471,311
Pepper,KODAGU,310,303735
Pepper,KOLAR,471,14
Pepper,KOPPAL,471,207
Pepper,MANDYA,471,89
Pepper,MYSURU,471,1173
Pepper,RAICHUR,471,589
Pepper,RAMANAGARAM,471,52
Pepper,SHIVAMOGGA,484,34737
Pepper,TUMAKURU,471,353
Pepper,UDUPI,471,8308
Pepper,UTTARA KANNADA,623,35455
Pepper,YADGIR,471,438
Cardamom,BAGALKOTE,0,0
Cardamom,BENGALURU - URBAN,0,0
Cardamom,BENGALURU - RURAL,174,0
Cardamom,BELAGAVI,0,0
Cardamom,BALLARI,0,0
Cardamom,BIDAR,0,0
Cardamom,VIJAYAPURA,0,0
Cardamom,CHAMARAJANAGAR,174,0
Cardamom,CHICKBALLAPUR,174,0
Cardamom,CHIKMAGALUR,182,95
Cardamom,CHITRADURGA,174,1
Cardamom,DAKSHINA KANNADA,174,1
Cardamom,DAVANAGERE,174,1
Cardamom,DHARWAD,0,0
Cardamom,GADAG,0,0
Cardamom,KALBURGI,174,0
Cardamom,HASSAN,81,93
Cardamom,HAVERI,174,0
Cardamom,KODAGU,263,254
Cardamom,KOLAR,174,0
Cardamom,KOPPAL,174,0
Cardamom,MANDYA,174,3
Cardamom,MYSURU,174,1
Cardamom,RAICHUR,0,0
Cardamom,RAMANAGARAM,174,1
Cardamom,SHIVAMOGGA,132,23
Cardamom,TUMAKURU,174,11
Cardamom,UDUPI,174,15
Cardamom,UTTARA KANNADA,233,89
Cardamom,YADGIR,0,0
Garlic,BAGALKOTE,5288,338
Garlic,BENGALURU - URBAN,5288,5
Garlic,BENGALURU - RURAL,5288,5
Garlic,BELAGAVI,5276,4458
Garlic,BALLARI,5288,37
Garlic,BIDAR,5288,735
Garlic,VIJAYAPURA,5288,4230
Garlic,CHAMARAJANAGAR,5176,1418
Garlic,CHICKBALLAPUR,5288,69
Garlic,CHIKMAGALUR,5288,5
Garlic,CHITRADURGA,5288,63
Garlic,DAKSHINA KANNADA,0,0
Garlic,DAVANAGERE,5288,169
Garlic,DHARWAD,4935,617
Garlic,GADAG,5901,330
Garlic,KALBURGI,5288,190
Garlic,HASSAN,5288,16
Garlic,HAVERI,5321,8194
Garlic,KODAGU,5288,11
Garlic,KOLAR,5288,5
Garlic,KOPPAL,5288,58
Garlic,MANDYA,5288,37
Garlic,MYSURU,5288,58
Garlic,RAICHUR,5288,63
Garlic,RAMANAGARAM,5288,5
Garlic,SHIVAMOGGA,5288,32
Garlic,TUMAKURU,5288,21
Garlic,UDUPI,0,0
Garlic,UTTARA KANNADA,5288,5
Garlic,YADGIR,5288,42
Cashewnut,BAGALKOTE,1267,34
Cashewnut,BENGALURU - URBAN,1267,9
Cashewnut,BENGALURU - RURAL,1267,142
Cashewnut,BELAGAVI,1907,10639
Cashewnut,BALLARI,1267,38
Cashewnut,BIDAR,1267,46
Cashewnut,VIJAYAPURA,1267,1
Cashewnut,CHAMARAJANAGAR,1267,5
Cashewnut,CHICKBALLAPUR,1514,2363
Cashewnut,CHIKMAGALUR,1267,136
Cashewnut,CHITRADURGA,1267,71
Cashewnut,DAKSHINA KANNADA,1139,17619
Cashewnut,DAVANAGERE,1267,62
Cashewnut,DHARWAD,1267,113
Cashewnut,GADAG,1267,169
Cashewnut,KALBURGI,0,0
Cashewnut,HASSAN,1267,39
Cashewnut,HAVERI,1267,204
Cashewnut,KODAGU,1267,359
Cashewnut,KOLAR,1267,162
Cashewnut,KOPPAL,1267,24
Cashewnut,MANDYA,1267,9
Cashewnut,MYSURU,1267,4
Cashewnut,RAICHUR,1267,3
Cashewnut,RAMANAGARAM,1267,18
Cashewnut,SHIVAMOGGA,960,1356
Cashewnut,TUMAKURU,1267,146
Cashewnut,UDUPI,1152,21750
Cashewnut,UTTARA KANNADA,1413,6093
Cashewnut,YADGIR,1267,6
Arecanut,BAGALKOTE,11262,56
Arecanut,BENGALURU - URBAN,11262,9393
Arecanut,BENGALURU - RURAL,11262,33944
Arecanut,BELAGAVI,11262,158
Arecanut,BALLARI,11262,16634
Arecanut,BIDAR,0,0
Arecanut,VIJAYAPURA,11262,79
Arecanut,CHAMARAJANAGAR,11262,12197
Arecanut,CHICKBALLAPUR,11262,5282
Arecanut,CHIKMAGALUR,5930,424226
Arecanut,CHITRADURGA,10835,377773
Arecanut,DAKSHINA KANNADA,13555,1295058
Arecanut,DAVANAGERE,10825,741751
Arecanut,DHARWAD,11262,1881
Arecanut,GADAG,11262,225
Arecanut,KALBURGI,0,0
Arecanut,HASSAN,11262,136293
Arecanut,HAVERI,11262,94285
Arecanut,KODAGU,11262,257224
Arecanut,KOLAR,11262,45
Arecanut,KOPPAL,11262,90
Arecanut,MANDYA,11262,31139
Arecanut,MYSURU,11262,41073
Arecanut,RAICHUR,0,0
Arecanut,RAMANAGARAM,11262,34349
Arecanut,SHIVAMOGGA,11790,1184730
Arecanut,TUMAKURU,11910,767683
Arecanut,UDUPI,12010,284661
Arecanut,UTTARA KANNADA,14345,439961
Arecanut,YADGIR,0,0
Coconut,BAGALKOTE,7963,2795
Coconut,BENGALURU - URBAN,7963,23244
Coconut,BENGALURU - RURAL,7963,23801
Coconut,BELAGAVI,7963,2739
Coconut,BALLARI,7963,6976
Coconut,BIDAR,7963,143
Coconut,VIJAYAPURA,7963,685
Coconut,CHAMARAJANAGAR,11804,148388
Coconut,CHICKBALLAPUR,7963,4005
Coconut,CHIKMAGALUR,9046,468420
Coconut,CHITRADURGA,9598,440260
Coconut,DAKSHINA KANNADA,6885,253795
Coconut,DAVANAGERE,7963,86765
Coconut,DHARWAD,7963,2755
Coconut,GADAG,7963,1975
Coconut,KALBURGI,7963,215
Coconut,HASSAN,4857,475981
Coconut,HAVERI,7963,9850
Coconut,KODAGU,7963,27090
Coconut,KOLAR,7963,9516
Coconut,KOPPAL,7963,1035
Coconut,MANDYA,8955,600934
Coconut,MYSURU,11629,262734
Coconut,RAICHUR,7963,430
Coconut,RAMANAGARAM,7683,230621
Coconut,SHIVAMOGGA,7963,95285
Coconut,TUMAKURU,7342,1312368
Coconut,UDUPI,13016,347618
Coconut,UTTARA KANNADA,7963,83548
Coconut,YADGIR,7963,207
Coriander,BAGALKOTE,0,0
Coriander,BENGALURU - URBAN,0,0
Coriander,BENGALURU - RURAL,500,4
Coriander,BELAGAVI,537,2
Coriander,BALLARI,537,126
Coriander,BIDAR,537,9
Coriander,VIJAYAPURA,0,0
Coriander,CHAMARAJANAGAR,537,31
Coriander,CHICKBALLAPUR,537,28
Coriander,CHIKMAGALUR,537,17
Coriander,CHITRADURGA,537,26
Coriander,DAKSHINA KANNADA,0,0
Coriander,DAVANAGERE,537,6
Coriander,DHARWAD,526,31
Coriander,GADAG,540,165
Coriander,KALBURGI,537,9
Coriander,HASSAN,537,19
Coriander,HAVERI,0,0
Coriander,KODAGU,0,0
Coriander,KOLAR,0,0
Coriander,KOPPAL,500,1
Coriander,MANDYA,537,12
Coriander,MYSURU,0,0
Coriander,RAICHUR,0,0
Coriander,RAMANAGARAM,0,0
Coriander,SHIVAMOGGA,537,2
Coriander,TUMAKURU,0,0
Coriander,UDUPI,0,0
Coriander,UTTARA KANNADA,0,0
Coriander,YADGIR,0,0
Ginger,BAGALKOTE,11693,9588
Ginger,BENGALURU - URBAN,11693,9705
Ginger,BENGALURU - RURAL,11693,62558
Ginger,BELAGAVI,11693,5379
Ginger,BALLARI,11693,3742
Ginger,BIDAR,13950,364932
Ginger,VIJAYAPURA,11693,15318
Ginger,CHAMARAJANAGAR,11693,39990
Ginger,CHICKBALLAPUR,11693,25958
Ginger,CHIKMAGALUR,11693,182060
Ginger,CHITRADURGA,11693,3742
Ginger,DAKSHINA KANNADA,11693,468
Ginger,DAVANAGERE,11693,29466
Ginger,DHARWAD,11693,7367
Ginger,GADAG,11693,1286
Ginger,KALBURGI,11693,46538
Ginger,HASSAN,13290,1358074
Ginger,HAVERI,13811,610562
Ginger,KODAGU,10439,140721
Ginger,KOLAR,11693,9939
Ginger,KOPPAL,11693,3391
Ginger,MANDYA,11693,103249
Ginger,MYSURU,9756,1385212
Ginger,RAICHUR,11693,351
Ginger,RAMANAGARAM,11693,15435
Ginger,SHIVAMOGGA,11351,792389
Ginger,TUMAKURU,11693,20229
Ginger,UDUPI,11693,585
Ginger,UTTARA KANNADA,11693,69456
Ginger,YADGIR,11693,3040
Mango,BENGALURU - URBAN,7250,16399
Mango,BENGALURU - RURAL,9460,71743
Mango,CHICKBALLAPUR,9400,108439
Mango,CHITRADURGA,9490,28105
Mango,DAVANAGERE,12310,21998
Mango,KOLAR,8540,429185
Mango,RAMANAGARAM,9990,329603
Mango,SHIVAMOGGA,13560,46085
Mango,TUMAKURU,7650,152826
Mango,BAGALKOTE,10530,9059
Mango,BELAGAVI,14400,55405
Mango,VIJAYAPURA,14300,2389
Mango,DHARWAD,9110,64676
Mango,GADAG,9040,5469
Mango,HAVERI,10610,58498
Mango,UTTARA KANNADA,16050,48019
Mango,BALLARI,11110,9433
Mango,BIDAR,7080,14611
Mango,KALBURGI,7960,3985
Mango,KOPPAL,13290,34396
Mango,RAICHUR,8000,10490
Mango,YADGIR,6840,1057
Mango,CHAMARAJANAGAR,7000,6682
Mango,CHIKMAGALUR,16630,40161
Mango,DAKSHINA KANNADA,10650,2851
Mango,HASSAN,8520,10229
Mango,KODAGU,20780,1482
Mango,MANDYA,12120,30484
Mango,MYSURU,9110,32665
Mango,UDUPI,18990,8365
Cavandish,BENGALURU - URBAN,33000,13455
Cavandish,BENGALURU - RURAL,25.36,15264
Cavandish,CHICKBALLAPUR,34.29,5973
Cavandish,CHITRADURGA,31.17,129689
Cavandish,DAVANAGERE,41.77,27893
Cavandish,KOLAR,30.77,12029
Cavandish,RAMANAGARAM,31.3,46012
Cavandish,SHIVAMOGGA,29.76,75674
Cavandish,TUMAKURU,31.82,23029
Cavandish,BAGALKOTE,27.33,42710
Cavandish,BELAGAVI,35,109873
Cavandish,VIJAYAPURA,0,0
Cavandish,DHARWAD,18.04,3737
Cavandish,GADAG,25.88,25923
Cavandish,HAVERI,19,36540
Cavandish,UTTARA KANNADA,31.53,100084
Cavandish,BALLARI,35.28,21096
Cavandish,BIDAR,36.25,8447
Cavandish,KALBURGI,27.13,47806
Cavandish,KOPPAL,34.02,18779
Cavandish,RAICHUR,33.05,1055
Cavandish,YADGIR,26.87,4664
Cavandish,CHAMARAJANAGAR,30,388140
Cavandish,CHIKMAGALUR,0,0
Cavandish,DAKSHINA KANNADA,0,0
Cavandish,HASSAN,30.75,28592
Cavandish,KODAGU,0,0
Cavandish,MANDYA,23.11,21321
Cavandish,MYSURU,33.88,189605
Cavandish,UDUPI,0,0
Banana,BENGALURU - URBAN,32450,15207
Banana,BENGALURU - RURAL,22320,25873
Banana,CHICKBALLAPUR,35160,27174
Banana,CHITRADURGA,29150,145426
Banana,DAVANAGERE,22690,55373
Banana,KOLAR,31680,16505
Banana,RAMANAGARAM,27760,59008
Banana,SHIVAMOGGA,24740,383133
Banana,TUMAKURU,30440,220289
Banana,BAGALKOTE,26330,64951
Banana,BELAGAVI,32240,158948
Banana,VIJAYAPURA,29040,66600
Banana,DHARWAD,17950,5749
Banana,GADAG,25820,26123
Banana,HAVERI,18360,57956
Banana,UTTARA KANNADA,23860,213244
Banana,BALLARI,22910,72084
Banana,BIDAR,35380,11356
Banana,KALBURGI,27150,69064
Banana,KOPPAL,28980,23649
Banana,RAICHUR,33050,1055
Banana,YADGIR,26870,4664
Banana,CHAMARAJANAGAR,30000,707420
Banana,CHIKMAGALUR,23710,108875
Banana,DAKSHINA KANNADA,20800,140840
Banana,HASSAN,24330,76597
Banana,KODAGU,27170,189353
Banana,MANDYA,20140,92873
Banana,MYSURU,26000,459732
Banana,UDUPI,22000,35226
Lemon,BENGALURU - URBAN,17.26,387
Lemon,BENGALURU - RURAL,19.22,1078
Lemon,CHICKBALLAPUR,21.52,1811
Lemon,CHITRADURGA,21.41,3032
Lemon,DAVANAGERE,11.06,736
Lemon,KOLAR,26.09,2296
Lemon,RAMANAGARAM,16.46,1007
Lemon,SHIVAMOGGA,20.96,985
Lemon,TUMAKURU,16.56,3742
Lemon,BAGALKOTE,18.72,5055
Lemon,BELAGAVI,24.17,3507
Lemon,VIJAYAPURA,23.69,253134
Lemon,DHARWAD,10.75,141
Lemon,GADAG,19.61,1351
Lemon,HAVERI,21.1,242
Lemon,UTTARA KANNADA,19.15,580
Lemon,BALLARI,18.11,1302
Lemon,BIDAR,21.51,6131
Lemon,KALBURGI,24.94,24113
Lemon,KOPPAL,19.97,3895
Lemon,RAICHUR,26.06,6697
Lemon,YADGIR,21.79,1918
Lemon,CHAMARAJANAGAR,25,1205
Lemon,CHIKMAGALUR,24.93,1322
Lemon,DAKSHINA KANNADA,9.67,195
Lemon,HASSAN,24.04,1307
Lemon,KODAGU,21.14,668
Lemon,MANDYA,24.75,2063
Lemon,MYSURU,12,492
Lemon,UDUPI,15,82
Orange,BENGALURU - URBAN,23,45
Orange,BENGALURU - RURAL,0,0
Orange,CHICKBALLAPUR,0,0
Orange,CHITRADURGA,15,60
Orange,DAVANAGERE,22.1,40
Orange,KOLAR,0,0
Orange,RAMANAGARAM,16.3,227
Orange,SHIVAMOGGA,20,60
Orange,TUMAKURU,17.88,1002
Orange,BAGALKOTE,0,0
Orange,BELAGAVI,25,20
Orange,VIJAYAPURA,9.28,52
Orange,DHARWAD,18,9
Orange,GADAG,0,0
Orange,HAVERI,0,0
Orange,UTTARA KANNADA,11.23,7
Orange,BALLARI,18.79,66
Orange,BIDAR,21.3,703
Orange,KALBURGI,18,108
Orange,KOPPAL,15.56,140
Orange,RAICHUR,0,0
Orange,YADGIR,0,0
Orange,CHAMARAJANAGAR,25,125
Orange,CHIKMAGALUR,21.92,7503
Orange,DAKSHINA KANNADA,0,0
Orange,HASSAN,16.59,11093
Orange,KODAGU,23.9,158676
Orange,MANDYA,22.89,149
Orange,MYSURU,13,65
Orange,UDUPI,0,0
Guava,BENGALURU - URBAN,25.27,21944
Guava,BENGALURU - RURAL,19.52,18062
Guava,CHICKBALLAPUR,22.56,15186
Guava,CHITRADURGA,11.35,1451
Guava,DAVANAGERE,13.94,475
Guava,KOLAR,17.55,10318
Guava,RAMANAGARAM,27.49,2635
Guava,SHIVAMOGGA,24,576
Guava,TUMAKURU,17.86,5712
Guava,BAGALKOTE,20.48,8282
Guava,BELAGAVI,24.67,8756
Guava,VIJAYAPURA,28.48,9305
Guava,DHARWAD,18.7,9465
Guava,GADAG,20.14,5796
Guava,HAVERI,23.97,3807
Guava,UTTARA KANNADA,15.15,405
Guava,BALLARI,23.66,4576
Guava,BIDAR,20.6,4120
Guava,KALBURGI,19.52,3873
Guava,KOPPAL,18.08,12803
Guava,RAICHUR,22.05,4851
Guava,YADGIR,18.98,1806
Guava,CHAMARAJANAGAR,20,3131
Guava,CHIKMAGALUR,23.69,444
Guava,DAKSHINA KANNADA,20.32,171
Guava,HASSAN,19.02,810
Guava,KODAGU,28.17,1343
Guava,MANDYA,19.27,2556
Guava,MYSURU,19,1292
Guava,UDUPI,20,248
Sapota,BENGALURU - URBAN,13,6891
Sapota,BENGALURU - RURAL,8.75,2979
Sapota,CHICKBALLAPUR,10.46,2066
Sapota,CHITRADURGA,9.74,5696
Sapota,DAVANAGERE,9.99,1679
Sapota,KOLAR,15.37,3181
Sapota,RAMANAGARAM,7.5,3188
Sapota,SHIVAMOGGA,12.92,3952
Sapota,TUMAKURU,10.55,5146
Sapota,BAGALKOTE,10.25,5251
Sapota,BELAGAVI,10.83,4458
Sapota,VIJAYAPURA,14.12,1201
Sapota,DHARWAD,10.52,7839
Sapota,GADAG,11.01,1661
Sapota,HAVERI,10.96,4947
Sapota,UTTARA KANNADA,11.83,798
Sapota,BALLARI,15.43,12583
Sapota,BIDAR,11.39,860
Sapota,KALBURGI,8.2,287
Sapota,KOPPAL,10.98,2174
Sapota,RAICHUR,10.98,560
Sapota,YADGIR,9.16,221
Sapota,CHAMARAJANAGAR,10,1741
Sapota,CHIKMAGALUR,11.66,1180
Sapota,DAKSHINA KANNADA,5.7,137
Sapota,HASSAN,9.81,3059
Sapota,KODAGU,14.85,2698
Sapota,MANDYA,16.47,4690
Sapota,MYSURU,10,3820
Sapota,UDUPI,11.5,1283
Pineapple,BENGALURU - URBAN,0,0
Pineapple,BENGALURU - RURAL,0,0
Pineapple,CHICKBALLAPUR,0,0
Pineapple,CHITRADURGA,0,0
Pineapple,DAVANAGERE,0,0
Pineapple,KOLAR,0,0
Pineapple,RAMANAGARAM,0,0
Pineapple,SHIVAMOGGA,59.45,124134
Pineapple,TUMAKURU,0,0
Pineapple,BAGALKOTE,0,0
Pineapple,BELAGAVI,0,0
Pineapple,VIJAYAPURA,0,0
Pineapple,DHARWAD,30,15
Pineapple,GADAG,0,0
Pineapple,HAVERI,51.34,756
Pineapple,UTTARA KANNADA,70.7,14499
Pineapple,BALLARI,0,0
Pineapple,BIDAR,0,0
Pineapple,KALBURGI,0,0
Pineapple,KOPPAL,0,0
Pineapple,RAICHUR,0,0
Pineapple,YADGIR,0,0
Pineapple,CHAMARAJANAGAR,0,0
Pineapple,CHIKMAGALUR,0,0
Pineapple,DAKSHINA KANNADA,58,8353
Pineapple,HASSAN,55,91
Pineapple,KODAGU,70,161
Pineapple,MANDYA,0.9,0.2
Pineapple,MYSURU,,
Pineapple,UDUPI,40,16596
Pomegranate,BENGALURU - URBAN,19.05,850
Pomegranate,BENGALURU - RURAL,9.23,1663
Pomegranate,CHICKBALLAPUR,12.42,6032
Pomegranate,CHITRADURGA,11.15,48611
Pomegranate,DAVANAGERE,12.29,5038
Pomegranate,KOLAR,10.64,2224
Pomegranate,RAMANAGARAM,11.46,433
Pomegranate,SHIVAMOGGA,10,40
Pomegranate,TUMAKURU,8.63,29945
Pomegranate,BAGALKOTE,11.39,37571
Pomegranate,BELAGAVI,10.11,10096
Pomegranate,VIJAYAPURA,8.59,41388
Pomegranate,DHARWAD,8.2,52
Pomegranate,GADAG,10,1493
Pomegranate,HAVERI,13.12,986
Pomegranate,UTTARA KANNADA,10,0.2
Pomegranate,BALLARI,13.65,59665
Pomegranate,BIDAR,10.14,827
Pomegranate,KALBURGI,11.75,1426
Pomegranate,KOPPAL,10.15,11777
Pomegranate,RAICHUR,12,20021
Pomegranate,YADGIR,13,6780
Pomegranate,CHAMARAJANAGAR,10,963
Pomegranate,CHIKMAGALUR,11.96,2936
Pomegranate,DAKSHINA KANNADA,,
Pomegranate,HASSAN,11.05,5184
Pomegranate,KODAGU,,
Pomegranate,MANDYA,9.94,302
Pomegranate,MYSURU,9,513
Pomegranate,UDUPI,0,0
Jackfruit,BENGALURU - URBAN,44.25,1489
Jackfruit,BENGALURU - RURAL,32.26,2243
Jackfruit,CHICKBALLAPUR,41.71,956
Jackfruit,CHITRADURGA,38.55,1707
Jackfruit,DAVANAGERE,16.87,423
Jackfruit,KOLAR,26.26,5122
Jackfruit,RAMANAGARAM,25.13,1466
Jackfruit,SHIVAMOGGA,44.06,7270
Jackfruit,TUMAKURU,42.84,21636
Jackfruit,BAGALKOTE,,
Jackfruit,BELAGAVI,40,528
Jackfruit,VIJAYAPURA,,
Jackfruit,DHARWAD,35,78
Jackfruit,GADAG,,
Jackfruit,HAVERI,40.11,608
Jackfruit,UTTARA KANNADA,50.09,11266
Jackfruit,BALLARI,39.2,2
Jackfruit,BIDAR,,
Jackfruit,KALBURGI,,
Jackfruit,KOPPAL,,
Jackfruit,RAICHUR,,
Jackfruit,YADGIR,,
Jackfruit,CHAMARAJANAGAR,40,615
Jackfruit,CHIKMAGALUR,43.66,6819
Jackfruit,DAKSHINA KANNADA,39.98,26764
Jackfruit,HASSAN,37.15,7394
Jackfruit,KODAGU,48.52,4930
Jackfruit,MANDYA,39.97,998
Jackfruit,MYSURU,40,800
Jackfruit,UDUPI,19.14,4630
Sitaphal,BENGALURU - URBAN,8640,238
Sitaphal,BENGALURU - RURAL,4160,48
Sitaphal,CHICKBALLAPUR,10930,273
Sitaphal,CHITRADURGA,10770,195
Sitaphal,DAVANAGERE,7770,55
Sitaphal,KOLAR,8230,255
Sitaphal,RAMANAGARAM,6330,160
Sitaphal,SHIVAMOGGA,8000,16
Sitaphal,TUMAKURU,890,182
Sitaphal,BAGALKOTE,8150,159
Sitaphal,BELAGAVI,7180,474
Sitaphal,VIJAYAPURA,6900,843
Sitaphal,DHARWAD,9300,303
Sitaphal,GADAG,8010,276
Sitaphal,HAVERI,6810,20
Sitaphal,UTTARA KANNADA,7000,18
Sitaphal,BALLARI,7420,162
Sitaphal,BIDAR,8620,1664
Sitaphal,KALBURGI,9260,342
Sitaphal,KOPPAL,7150,629
Sitaphal,RAICHUR,8000,424
Sitaphal,YADGIR,10000,164
Sitaphal,CHAMARAJANAGAR,7000,55
Sitaphal,CHIKMAGALUR,9000,13
Sitaphal,DAKSHINA KANNADA,5150,11
Sitaphal,HASSAN,0,0
Sitaphal,KODAGU,10000,16
Sitaphal,MANDYA,8940,55
Sitaphal,MYSURU,8000,24
Sitaphal,UDUPI,6390,45
Grapes,BENGALURU - URBAN,16130,7911
Grapes,BENGALURU - RURAL,20080,40705
Grapes,CHICKBALLAPUR,35150,98098
Grapes,CHITRADURGA,9000,50
Grapes,DAVANAGERE,0,0
Grapes,KOLAR,17570,720
Grapes,RAMANAGARAM,9070,57
Grapes,SHIVAMOGGA,0,0
Grapes,TUMAKURU,17370,757
Grapes,BAGALKOTE,16450,52776
Grapes,BELAGAVI,16640,88309
Grapes,VIJAYAPURA,29510,505236
Grapes,DHARWAD,0,0
Grapes,GADAG,15790,735
Grapes,HAVERI,0,0
Grapes,UTTARA KANNADA,12000,2
Grapes,BALLARI,16280,281
Grapes,BIDAR,15310,1516
Grapes,KALBURGI,24520,11624
Grapes,KOPPAL,15920,11667
Grapes,RAICHUR,0,0
Grapes,YADGIR,21740,1212
Grapes,CHAMARAJANAGAR,0,0
Grapes,CHIKMAGALUR,25000,84
Grapes,DAKSHINA KANNADA,0,0
Grapes,HASSAN,0,0
Grapes,KODAGU,0,0
Grapes,MANDYA,9160,14
Grapes,MYSURU,0,0
Grapes,UDUPI,0,0
Fig,BENGALURU - URBAN,5500,18
Fig,BENGALURU - RURAL,10000,6
Fig,CHICKBALLAPUR,72500,21
Fig,CHITRADURGA,16310,248
Fig,DAVANAGERE,6000,10
Fig,KOLAR,11.45,53
Fig,RAMANAGARAM,3440,16
Fig,SHIVAMOGGA,0,0
Fig,TUMAKURU,8320,127
Fig,BAGALKOTE,5130,55
Fig,BELAGAVI,0,0
Fig,VIJAYAPURA,10000,97
Fig,DHARWAD,0,0
Fig,GADAG,6850,35
Fig,HAVERI,10000,30
Fig,UTTARA KANNADA,10000,1
Fig,BALLARI,17330,17080
Fig,BIDAR,7000,154
Fig,KALBURGI,11090,75
Fig,KOPPAL,10330,1064
Fig,RAICHUR,2970,101
Fig,YADGIR,10770,57
Fig,CHAMARAJANAGAR,0,0
Fig,CHIKMAGALUR,1000,1
Fig,DAKSHINA KANNADA,3960,12
Fig,HASSAN,0,0
Fig,KODAGU,15000,38
Fig,MANDYA,7220,4
Fig,MYSURU,0,0
Fig,UDUPI,12000,11
Litchi,BENGALURU - URBAN,0,0
Litchi,BENGALURU - RURAL,0,0
Litchi,CHICKBALLAPUR,0,0
Litchi,CHITRADURGA,0,0
Litchi,DAVANAGERE,0,0
Litchi,KOLAR,0,0
Litchi,RAMANAGARAM,2960,15
Litchi,SHIVAMOGGA,0,0
Litchi,TUMAKURU,0,0
Litchi,BAGALKOTE,0,0
Litchi,BELAGAVI,0,0
Litchi,VIJAYAPURA,0,0
Litchi,DHARWAD,0,0
Litchi,GADAG,0,0
Litchi,HAVERI,0,0
Litchi,UTTARA KANNADA,3,12
Litchi,BALLARI,0,0
Litchi,BIDAR,0,0
Litchi,KALBURGI,0,0
Litchi,KOPPAL,0,0
Litchi,RAICHUR,0,0
Litchi,YADGIR,0,0
Litchi,CHAMARAJANAGAR,0,0
Litchi,CHIKMAGALUR,6460,16
Litchi,DAKSHINA KANNADA,0,0
Litchi,HASSAN,0,0
Litchi,KODAGU,8990,18
Litchi,MANDYA,20,0.03
Litchi,MYSURU,0,0
Litchi,UDUPI,0,0
Watermelon,BENGALURU - URBAN,36090,162
Watermelon,BENGALURU - RURAL,40220,2172
Watermelon,CHICKBALLAPUR,41230,3288
Watermelon,CHITRADURGA,28980,15378
Watermelon,DAVANAGERE,8580,639
Watermelon,KOLAR,44000,2860
Watermelon,RAMANAGARAM,42660,629
Watermelon,SHIVAMOGGA,75000,5175
Watermelon,TUMAKURU,63830,10892
Watermelon,BAGALKOTE,42170,10274
Watermelon,BELAGAVI,32210,7228
Watermelon,VIJAYAPURA,27690,11986
Watermelon,DHARWAD,19100,358
Watermelon,GADAG,39760,2970
Watermelon,HAVERI,39120,17774
Watermelon,UTTARA KANNADA,50000,16485
Watermelon,BALLARI,49160,8675
Watermelon,BIDAR,54350,38588
Watermelon,KALBURGI,8640,5251
Watermelon,KOPPAL,36910,34106
Watermelon,RAICHUR,45010,8777
Watermelon,YADGIR,79290,13226
Watermelon,CHAMARAJANAGAR,30000,9570
Watermelon,CHIKMAGALUR,38030,1484
Watermelon,HASSAN,30550,642
Watermelon,KODAGU,0,0
Watermelon,MANDYA,47510,5578
Watermelon,MYSURU,60000,11400
Watermelon,UDUPI,25000,2911
Muskmelon,BENGALURU - URBAN,0,0
Muskmelon,BENGALURU - RURAL,0,0
Muskmelon,CHICKBALLAPUR,19570,1241
Muskmelon,CHITRADURGA,17250,2225
Muskmelon,DAVANAGERE,19270,139
Muskmelon,KOLAR,15330,414
Muskmelon,RAMANAGARAM,5500,0.22
Muskmelon,SHIVAMOGGA,0,0
Muskmelon,TUMAKURU,18880,3945
Muskmelon,BAGALKOTE,15900,25
Muskmelon,BELAGAVI,15780,130
Muskmelon,VIJAYAPURA,15000,122
Muskmelon,DHARWAD,0,0
Muskmelon,GADAG,0,0
Muskmelon,HAVERI,15000,81
Muskmelon,UTTARA KANNADA,0,0
Muskmelon,BALLARI,15730,287
Muskmelon,BIDAR,15670,2649
Muskmelon,KALBURGI,8490,3905
Muskmelon,KOPPAL,19320,1758
Muskmelon,RAICHUR,15000,1860
Muskmelon,YADGIR,20000,1707
Muskmelon,CHAMARAJANAGAR,15000,114
Muskmelon,CHIKMAGALUR,0,0
Muskmelon,DAKSHINA KANNADA,0,0
Muskmelon,HASSAN,26440,79
Muskmelon,KODAGU,0,0
Muskmelon,MANDYA,280,1
Muskmelon,MYSURU,17000,187
Muskmelon,UDUPI,16000,3
Dragon fruit,BENGALURU - URBAN,3130,10
Dragon fruit,BENGALURU - RURAL,2060,13
Dragon fruit,CHICKBALLAPUR,15070,232
Dragon fruit,CHITRADURGA,6000,36
Dragon fruit,DAVANAGERE,0,0
Dragon fruit,KOLAR,0,0
Dragon fruit,RAMANAGARAM,0,0
Dragon fruit,SHIVAMOGGA,0,0
Dragon fruit,TUMAKURU,5420,35
Dragon fruit,BAGALKOTE,0,0
Dragon fruit,BELAGAVI,0,0
Dragon fruit,VIJAYAPURA,12000,689
Dragon fruit,DHARWAD,0,0
Dragon fruit,GADAG,0,0
Dragon fruit,HAVERI,0,0
Dragon fruit,UTTARA KANNADA,0,0
Dragon fruit,BALLARI,0,0
Dragon fruit,BIDAR,0,0
Dragon fruit,KALBURGI,8440,135
Dragon fruit,KOPPAL,5850,39
Dragon fruit,RAICHUR,0,0
Dragon fruit,YADGIR,0,0
Dragon fruit,CHAMARAJANAGAR,0,0
Dragon fruit,CHIKMAGALUR,0,0
Dragon fruit,DAKSHINA KANNADA,5,23
Dragon fruit,HASSAN,0,0
Dragon fruit,KODAGU,8,3
Dragon fruit,MANDYA,0,0
Dragon fruit,MYSURU,0,0
Dragon fruit,UDUPI,0,0
Avocado,BENGALURU - URBAN,0,0
Avocado,BENGALURU - RURAL,0,0
Avocado,CHICKBALLAPUR,0,0
Avocado,CHITRADURGA,310,1
Avocado,DAVANAGERE,0,0
Avocado,KOLAR,0,0
Avocado,RAMANAGARAM,0,0
Avocado,SHIVAMOGGA,0,0
Avocado,TUMAKURU,1390,8
Avocado,BAGALKOTE,0,0
Avocado,BELAGAVI,0,0
Avocado,VIJAYAPURA,0,0
Avocado,DHARWAD,0,0
Avocado,GADAG,0,0
Avocado,HAVERI,0,0
Avocado,UTTARA KANNADA,0,0
Avocado,BALLARI,0,0
Avocado,BIDAR,0,0
Avocado,KALBURGI,0,0
Avocado,KOPPAL,0,0
Avocado,RAICHUR,0,0
Avocado,YADGIR,0,0
Avocado,CHAMARAJANAGAR,0,0
Avocado,CHIKMAGALUR,0,0
Avocado,DAKSHINA KANNADA,2970,1
Avocado,HASSAN,9930,217
Avocado,KODAGU,17550,3055
Avocado,MANDYA,0,0
Avocado,MYSURU,0,0
Avocado,UDUPI,0,0
